Date,Content
2020-06-16,https://boxd.it/2Q9db
2020-07-30,https://boxd.it/1ga4L3
2020-08-01,https://boxd.it/DBoWD
2020-12-04,https://boxd.it/1rNVAz
2021-03-01,https://boxd.it/1GCHnf
2021-03-17,https://boxd.it/1Dxcdr
2021-03-17,https://boxd.it/1IirLD
2021-03-20,https://boxd.it/1JviHd
2021-03-20,https://boxd.it/1JuieX
2021-03-20,https://boxd.it/1JrJNz
2021-03-22,https://boxd.it/1JONyp
2021-03-22,https://boxd.it/1JTroR
2021-03-26,https://boxd.it/1Jntjl
2021-04-11,https://boxd.it/1MDIKl
2021-04-11,https://boxd.it/1MwvkP
2021-04-11,https://boxd.it/1MFsZ9
2021-04-19,https://boxd.it/1NUjAt
2021-04-22,https://boxd.it/1Oe4Id
2021-04-25,https://boxd.it/1LoB3b
2021-04-26,https://boxd.it/1OvScl
2021-04-26,https://boxd.it/1Iwty5
2021-05-06,https://boxd.it/1QkBAh
2021-05-10,https://boxd.it/1QRuKF
2021-05-15,https://boxd.it/aBI0t
2021-05-26,https://boxd.it/1SURJz
2021-06-01,https://boxd.it/1RN6az
2021-06-01,https://boxd.it/15xgdz
2021-06-01,https://boxd.it/1Ia8Ul
2021-07-14,https://boxd.it/1ZoafF
2021-12-28,https://boxd.it/2lVV31
2022-08-05,https://boxd.it/35avF9
2022-09-14,https://boxd.it/3d16mv
2022-11-28,https://boxd.it/1qRLcr
2022-12-31,https://boxd.it/3BSJE1
2023-01-09,https://boxd.it/is1KR
2023-01-11,https://boxd.it/3z8OKX
2023-03-12,https://boxd.it/3XVxJn
2023-03-12,https://boxd.it/3Yjw1x
2023-03-20,https://boxd.it/40nHLH
2023-03-21,https://boxd.it/40CEcp
2023-03-21,https://boxd.it/40CJfD
2023-06-30,https://boxd.it/28OUZH
2023-09-24,https://boxd.it/4T6A2r
2023-10-20,https://boxd.it/51oMAX
2023-10-20,https://boxd.it/51ycij
2023-11-05,https://boxd.it/56Yijz
2023-11-20,https://boxd.it/5bN2K3
